{
    "camera_matrix": [
        [
            1087.858558320731,
            0.0,
            664.4061836057449
        ],
        [
            0.0,
            1085.6327611677355,
            372.65889616029443
        ],
        [
            0.0,
            0.0,
            1.0
        ]
    ],
    "distortion_coefficients": [
        [
            0.1779775735931563,
            -1.5449627367644014,
            -0.005256852464010695,
            0.005607467626846355,
            3.0757564621089633
        ]
    ],
    "reprojection_error": 0.4526260150284475,
    "image_width": 1280,
    "image_height": 720
}